,Titulo,Zona,Precio,Habitaciones,Aseos,Metros cuadrados,Planta,Precio (€/m²),Description,Antigüedad,Estado conservacion,Caracteristicas,Muebles y acabados,Equipamiento e instalaciones,Certificado energetico,URL
0,"Piso en venta en Avinguda de Francesc Macià, cerca de Carrer de Ponent",Esparreguera,234.500 , 3 , 2 s,100 ,4ª,2.345,"Piso en venta en Francesc Macia. Zona Vinyals Esparraguera.  ¿Cuánto tiempo llevas buscando un elegante piso para ti y tu familia con unas vistas panorámicas a la escultural montaña de Montserrat?Disfruta de este piso cuya ubicación destacada, lo sitúa a pocos metros de la parada del bus, y a tan solo a cinco minutos caminando al mercado, tiendas, colegios, guarderías, institutos y zonas deportivas. Listo para acogeros a ti y a tu familia, este bello piso seminuevo, (¡con tan solo doce años ¡) todo exterior, esquinero, de aprox;100m2, más una plaza de parking y un trastero en el mismo edificio. Un hogar que ha sido optimizado con un estilo moderno y práctico, al mismo tiempo que ofrece un modo de vida relajado, situado en una de las zonas más buscadas del Baix Llobregat. ¡Un piso sencillamente perfecto ¡Con hall de entrada, tres dormitorios, principal en suite, una privilegiada terraza, dos baños completos, una cocina moderna y llena de luz, equipada con un purificador de agua por ósmosis inversa, calefacción, y descalificador que neutraliza la cal en toda la vivienda. Nos da la bienvenida un recibidor sencillamente bonito y acogedor. El sello distintivo es la pared decorada con estuco veneciano que le aporta a este espacio ese toque de belleza artesanal, tan propio de este tipo de pintura. Se va distribuyendo hacia las habitaciones, la cocina y el comedor. El acogedor vestíbulo se abre la derecha, a la zona de noche con una amplia habitación individual, otra sencilla de 7m2, donde puede ir cualquier tipo de habitación: una habitación para los peques, una sala de estar, un despacho, un estudio, o un vestidor, (estos dos dormitorios cuentan con un baño familiar con bañera, inodoro y tocador con lavabo y espejo) y un tercer dormitorio en suite de 13m2, que da a un balcón, las vistas son sorprendentes a la montaña sagrada. Cómoda en todo momento, esta dependencia, está equipado con un elegante baño completo, donde el azulejo le aporta un encanto natural y moderno.Siguiendo hacia el interior, nos encontramos con una cocina largada de 8m2, bien equipada donde se ha buscado la funcionalidad al mismo tiempo que la estética (la combinación del blanco y el negro, le aportan un toque de elegancia y funcionalidad). A destacar su pequeño rincón de desayuno rápido. ¡Hay que reconocer que se ha sacado provecho a sus dimensiones! Tiene acceso a la zona lavadero con ventana, que favorece la entrada de luz todo el año; es de agradecer, ya que ayuda a estar más cómodos en un lugar donde se pasan largos ratos poniendo lavadoras.Sentirás el confort nada más entrar en el salón, el auténtico corazón del piso, en el que se han dispuesto una zona de estar y un comedor en un espacio único de 30m2, con mucho sol por la mañana, se abre a una terraza que fluye hacia el exterior buscando las vistas despejadas del paisaje de los valles y las montañas del entorno excepcional donde se encuentra la vivienda. Merece la pena aprovechar muy bien esta terraza de 18m2 (suficientes) para convertirla en un lugar que invite a cenar en las noches de verano, charlar o tomar algo, con la familia o/y los amigos, o desconectar durante el fin de semana. En definitiva, una zona de relax excelente, con buenas vistas.Incluye en el precio una plaza de aparcamiento para un coche grande y moto y un trastero para almacenar las cosas que no se utilizan cada día: bicis, maletas, mochilas... Situado al pie de la escultural silueta de la mágica montaña de Montserrat, es ideal para gozar de una excursión que nunca decepciona, en cualquier época del año, con los niños, la familia y/o los amigos o para una mayor tranquilidad, subir la montaña, hasta llegar a la cumbre, y disfrutar de su tranquilidad, mientras ves a los pies el santuario y más allá.Es un piso ideal para tu familia, dada su corta distancia a la salida de la A-2, dirección Barcelona y/o Igualada, Lérida, y a menos de 7 min de la autopista del mediterráneo, a la parada del Bus con conexión a Barcelona y otras capitales de la comarca ( Olesa de Montserrat, Abrera, Martorell, Manresa, Igualada,…) y el servicio de bus del Hispano Igualadina que te llevara en menos de 10’ a la parada de tren (FGC o Renfe).                                           ¡Nada más verlo lo querrás!     ¡Pide una visita hoy para apreciar plenamente lo que te puede ofrecer!
",Entre 10 y 20 años,En buen estado,"Superficie construida: 100 m² , Superficie útil: 90 m² , Habitaciones: 3, Baños: 2, Planta: 4ª, Exterior: , Antigüedad: Entre 10 y 20 años, Conservación: En buen estado, Gastos de comunidad: Entre 20 y 40€, Referencia: 999081-2030","Tipo suelo: Gres, Vidrios dobles: , Carpintería exterior: Aluminio","Gas: Natural, Teléfono: , Calefacción: Gas natural, Cocina: Elegante y funcional, Comedor: , Lavadero: Con ventana, Garaje: 1, Trastero: , Puerta blindada: , Ascensor: ",Clasificación: : En trámite,https://www.pisos.com/comprar/piso-esparreguera_centro_urbano-2547570943_999081/
1,Casa adosada en venta en Esparreguera,Esparreguera,277.000 , 4 , 2 s,120 ,,2.308,"Se vende preciosa casa adosada en esparreguera, muy céntrica cerca de todos los servicios necesarios a pocos metros, como transporte público, escuelas, ambulatorio, ayuntamiento, tiendas varias, etc.... Y a tan solo 30 minutos de barcelona..  Totalmente reformada de origen esta vivienda es muy acogedora y está decorada con mucho gusto, luminosa y a punto para entrar a vivir !!!.  Dispone de un total de 3 plantas con la siguiente distribución: planta primera con recibidor, gran salón-comedor con salida a acogedora terraza posterior de 20 m², amplia cocina independiente y 1 aseo. Planta segunda con 4 habitaciones (3 de ellas dobles) y 1 baño completo. Planta tercera se accede por escalera de madera para llegar a preciosa zona abuhardillada con chimenea apta para muchos usos con salida a otra terraza exterior de 20 m²..  Fantásticos acabados como suelos de gres y parquet, calefacción a gas natural, puertas interiores de haya y exterior blindada, cristaleria exterior de madera con cristales climalit, armarios empotrados, osmosis y descalcificador, etc....  Todos los servicios dados de alta. Se dejarán algunos muebles. La casa no tiene garaje pero hay plazas disponibles en alquiler a pocos metros..  +++ llamanos para visita sin compromiso, seguro que te encanta +++
        ",Entre 30 y 50 años,Reformado,"Superficie construida: 120 m² , Superficie útil: 103 m² , Habitaciones: 4, Baños: 2, Tipo de casa: Adosada, Antigüedad: Entre 30 y 50 años, Conservación: Reformado, Referencia: SA449-593995/3134","Amueblado: , Armarios empotrados: ","Calefacción: Gas natural, Chimenea: , Puerta blindada: ","Clasificación: : Disponible, Emisiones: : 36 Kg CO2/m2 año",https://www.pisos.com/comprar/casa_adosada-esparreguera_centro_urbano-100086983186_100500/
2,Casa adosada en venta en Esparreguera,Esparreguera,275.000 , 3 , 2 s,165 ,,1.666,"Se vende casa adosada en la zona del castell de esparreguera, zona muy tranquila a la vez que tienes todos los servicios necesarios a poca distancia, como escuelas e instituto, transporte público, supermercados, etc.... Y a pocos metros enlace autovia a-2. Barcelona se encuentra a tan solo 25 minutos..  La vivienda se ubica en una calle de uso solo para los vecinos y justo al lado de un parque infantil. Tiene un total de 4 plantas con la siguiente distribución: planta baja con amplio garage y una zona como despacho con salida a patio trasero de más de 30 m². Inicialmente era todo garage. Planta primera con 1 aseo, cocina independiente con salida a lavadero cerrado y gran salón-comedor de 30 m² con salida a bonita terraza exterior. Planta segunda con 3 habitaciones dobles (1 de ellas con gran armario-vestidor y salida a balcón) y 1 baño con bañera. Planta tercera como gran zona abuhardillada apta para muchos usos..  Fantásticos acabados como suelos de gres y parquet, carpinteria exterior de aluminio-climalit, persiana salón y puerta garage motorizada, puertas interiores de haya y exterior blindada, calefacción a gas natural, aire acondicionado con bomba de calor, etc.... Totalmente renovada de origen, casa muy luminosa con una fantástica orientación sur, son todos los servicios dados de alta y a punto para entrar a vivir !!!.  +++ llamanos para visita sin compromiso, te encantará +++.
        ",Entre 20 y 30 años,En buen estado,"Superficie construida: 165 m² , Superficie útil: 160 m² , Habitaciones: 3, Baños: 2, Tipo de casa: Adosada, Antigüedad: Entre 20 y 30 años, Conservación: En buen estado, Referencia: SA449-594174/3134",Armarios empotrados: ,"Calefacción: Gas natural, Garaje: , Puerta blindada: ","Clasificación: : Disponible, Emisiones: : ",https://www.pisos.com/comprar/casa_adosada-esparreguera_centro_urbano-100036323922_100500/
3,"Piso en venta en Avinguda de Francesc Macià, cerca de Carrer de Ponent",Esparreguera,145.000 , 3 , 2 s,82 ,1ª,1.768,"Promoción de pisos en venta situados en el municipio de Esparreguera provincia de Barcelona. El inmueble tiene una superficie construida de 81 m² y útil de 72 m² distribuidos en un amplio comedor, cocina independiente, 1 habitación doble y 2 individuales, más 1 baño con bañera y 1 baño completo con plato de ducha. Acabados con suelo de gres, carpintería interior de haya y exterior de aluminio. Dispone de calefacción de gas. En buen estado de conservación.La localidad de Esparreguera permite un fácil acceso por carretera A-2 a 25 minutos de Barcelona, próximo al Ayuntamiento y junto a las zonas más comerciales y transitadas de la localidad. A su alrededor podemos encontrar supermercados, colegios y restaurantes, a tan solo 20 minutos de Barcelona y perfectamente comunicada gracias al servicio de autobuses.Si desea más información, no dude en contactar con nosotros y le informaremos de todo lo que necesite sin ningún compromiso. Disponemos de una amplia cartera de inmuebles en municipios del Baix Llobregat (Olesa de Montserrat, Esparreguera, Abrera, Martorell...) o la Anoia (Collbató, Igualada, Vilanova del Camí...).
        ",,En buen estado,"Superficie construida: 82 m² , Superficie útil: 72 m² , Habitaciones: 3, Baños: 2, Planta: 1ª, Conservación: En buen estado, Referencia: 3247-053949  ","Carpintería interior: Haya, Tipo suelo: Gres, Carpintería exterior: Aluminio","Aire acondicionado: Frío, Calefacción: Gas natural, Cocina: , Comedor: , Portero automático: , Ascensor: , Adaptado a personas con movilidad reducida: ","Clasificación: : Disponible, Emisiones: : 72 Kg CO2/m2 año",https://www.pisos.com/comprar/piso-esparreguera_centro_urbano-85018687006_324700/
4,"Casa en venta en Carrer Gran, nº 82",Esparreguera,217.000 ,, 2 s,236 ,,919,"Casa de 236m²  

Muy céntrica, con  local comercial en la planta baja  totalmente reformado, con baño 



Local p. Baja de 96m²    + patio de 70m²

P. Primera de 72m² (3 habitaciones)

P. Segunda de 72m² (2 habitaciones y 1 habitación buhardilla)

P. Bajo cubierta 20m² (1habitación buhardilla y terraza de 20m²)

Suministros de agua, gas y electricidad de alta

Los desagües generales en planta baja son nuevos

Muy buenos inquilinos en el alquiler del local de planta baja

Ideal inversor

Los importes de venta son meramente informativos y pueden ser susceptibles de cambiar según indicaciones de la propiedad..
        ",,,"Superficie construida: 236 m² , Superficie útil: 236 m² , Baños: 2, Referencia: YE31-3-ES-C-2763-08",,,Clasificación: : En trámite,https://www.pisos.com/comprar/casa-esparreguera_centro_urbano-100006217030_109200/
5,Casa en venta en Esparreguera,Esparreguera,206.000 , 4 , 1 ,100 ,,2.060,"parcela 1000 m. - Vivienda 100 m2. - Parcela Ascendente. - Salón comedor 25 m2. con fuego a tierra., 4 habitaciones (1 doble), Cocina office nueva, Baño con bañera de hidromasaje nuevo, Suelo gres, nuevo, Calefacción gassoil, Carpintería int. Madera sapelly, exterior mixta madera y aluminio, Barbacoa, Jardin, Garaje 1 coche.
",,En buen estado,"Superficie construida: 100 m² , Superficie útil: 100 m² , Superficie solar: 1.000 m² , Habitaciones: 4, Baños: 1, Conservación: En buen estado, Referencia: 4519327-6871","Vidrios dobles: , Tipo suelo: Gres","Calefacción: Gasoil, Chimenea: , Cocina equipada: , Comedor: , Lavadero: , Garaje: 1, Puerta blindada: ","Clasificación: : Disponible, Emisiones: : 24 Kg CO2/m2 año",https://www.pisos.com/comprar/casa-esparreguera_centro_urbano-2525093089_519327/
6,Casa adosada en venta en La Plana,Esparreguera,178.000 , 4 , 2 s,217 ,,820,"Casa a reformar adosada 116 m²  de 2 plantas en parcela de 120 m², en esparraguera, la zona de la plana. Planta baja: salón comedor. Cocina independiente con salida a patio. Una habitación con baño completo. Segunda planta: 3 habitaciones dobles con un baño completo . Sale a una galería y a un patio que se comunica con la planta baja. Esta muy cerca del centro y de todos los comercios y escuelas. Venga a verla!! Condiciones especiales de financiacion.
        ",Entre 30 y 50 años,En buen estado,"Superficie construida: 217 m² , Superficie solar: 120 m² , Habitaciones: 4, Baños: 2, Tipo de casa: Adosada, Antigüedad: Entre 30 y 50 años, Conservación: En buen estado, Referencia: 500732-00793","Carpintería interior: Haya, Carpintería exterior: Aluminio bronce, Vidrios dobles: Tipo climalit, Tipo suelo: De parket y gres","Chimenea: En comedor, Cocina: Office, Comedor: Con chimenea, Puerta blindada: ","Clasificación: : Disponible, Emisiones: : 55 Kg CO2/m2 año",https://www.pisos.com/comprar/casa_adosada-esparreguera_centro_urbano-26927192_500732/
7,Casa en venta en Esparreguera,Esparreguera,200.000 , 3 , 1 ,90 ,Bajo,2.222,"90 m²,. Vivienda  -  parcela plana 562 m². - antigüedad 40 años 
Salón comedor 24 m². Con salida balcón y con chimenea. Cocina office de origen, baño completo con bañera, 3 habitaciones dobles, carpinteria interior sapelly, exterior aluminio climalit, suelo terrazo, bomba de calor en el comedor, piscina con depuradora, trastero, barbacoa, patio, jardin
        ",Entre 30 y 50 años,En buen estado,"Superficie construida: 90 m² , Superficie útil: 90 m² , Superficie solar: 562 m² , Planta: Bajo, Habitaciones: 3, Baños: 1, Antigüedad: Entre 30 y 50 años, Conservación: En buen estado, Referencia: 4519327-006863","Carpintería exterior: Aluminio, Vidrios dobles: , Tipo suelo: Terrazo","Calefacción: Eléctrica, Chimenea: , Cocina equipada: , Comedor: , Lavadero: ","Clasificación: : Disponible, Emisiones: : 30 Kg CO2/m2 año",https://www.pisos.com/comprar/casa-esparreguera_centro_urbano-99247113175_519327/
8,Casa en venta en Esparreguera,Esparreguera,246.000 , 3 , 2 s,168 ,,1.464,"Una de las fuerzas de cambio más poderosas comienzan con una oportunidad; una oferta de trabajo, encontrar la casa con la que siempre soñaste, que los niños crezcan en una zona tranquila, vivir cerca de la ciudad pero alejado de los ruidos y el ajetreo continuo de la gente y los coches, hay muchos motivos por los que queremos cambiar de vivienda ¿cuál es el tuyo?.  Casa a 4 vientos de 168 m2 construida sobre parcela de 500 m2, garaje 23 m2, despacho 8 m2, 3 amplias habitaciones, salon 30 m2, cocina office, lavadero grande, baño completo de 7 m2 con bañera y ducha, aseo, puerta principal aluminio acorazada, suelos porcelanato y parquet en habitaciones, puertas madra, ventanas aluminio.climalit, calefaccion, jardin y piscina privada..  Date un paseo por sus fotos porque una imagen vale más que mil palabras y si lo que quieres es verla, no dudes en solicitar información sin compromiso..  Impuestos y gastos inherentes de la compra no incluidos en el precio..  Si necesitas financiación para la compra de esta vivienda, te asesoraremos y ayudaremos a encontrar la mejor financiación que se adapte a ti..  F [amp;] F Inmobiliaria somos una empresa especializada en la compra venta de inmuebles con más de 20 años de experiencia en el sector inmobiliario ayudando a vender o comprar un hogar a numerosas familias.  La Compraventa de una vivienda es una de las decisiones más importantes de nuestra vida y por tanto es fundamental contar con un profesional especializado en dicho viaje para que te asesore y no tengas que preocuparte de nada.  Gestionamos todos los asuntos referentes a la vivienda: Herencias, VPO, deudas, embargos, separaciones etc. .  En F [amp;] F Inmobiliaria tendrás el asesoramiento de un API colegiado 2856, aicat 1334, CRS y REALTOR, además pertenecemos a la agrupación MLS nacional, AMPSI, Comprarcasa y el colectivo API con los que colaboramos activamente.
        ",Entre 30 y 50 años,En buen estado,"Superficie construida: 168 m² , Superficie útil: 158 m² , Habitaciones: 3, Superficie solar: 500 m² , Baños: 2, Antigüedad: Entre 30 y 50 años, Conservación: En buen estado, Referencia: SA371-5103/2536",,"Agua: , Calefacción: Gas natural, Comedor: , Garaje: , Puerta blindada: , Trastero: ","Clasificación: : Disponible, Emisiones: : ",https://www.pisos.com/comprar/casa-esparreguera_centro_urbano-94195960051_100500/
9,Casa en venta en Esparreguera,Esparreguera,199.000 , 4 , 1 ,150 ,Sótano,1.326,"Propietaris.cat ®, líder en catalunya para la venta entre particulares sin comisiones, ofrece:

- fantástica casa en una sola planta con vistas panorámicas espectaculares y privacidad total en esparraguera, con 1000 mt2 de parcela y posibilidad de ampliar construcción
- la casa es totalmente exterior, con mucha luz y una terraza muy amplia a pie de comedor con vistas impresionantes y despejadas
- la construcción se llevó a cabo en un solo nivel, sin escaleras interiores, para maximizar la comodidad y el día a día, además de aprovechar al máximo la orientación del edificio
- se dispone de una gran salón comedor de 25 mt2 con chimenea de obra y cocina independiente anexa al comedor y totalmente equipada
- hay 4 habitaciones (2 dobles + 2 individuales) y un baño completo y espacioso con jacuzzi para relajarse a diario
- la casa está rodeada de jardines y terrazas, incluyendo una zona de barbacoa y porche para disfrutar todo el año con amigos o en familia
- suelos recién reformados de estilo rústico, calefacción de gasoil en toda la casa, aunque con toma de gas natural si se prefiere esta otra opción
- instalación de agua nueva hecha hace 1 año para optimizar riego y uso diario del subministro
- la finca tiene mucho espacio para instalar piscina olímpica, zona de gimansio o zona de huerto. Sin duda, para el disfrute de cualquier tipo de pareja o unidad familiar

Una casa perfecta para entrar a vivir directamente o actualizar a gusto del comprador.

Propietaris.cat ® le garantiza el mejor precio del mercado, sin comisiones de agencia. 

Propietaris.cat ®, ofrece siempre inmuebles con fotos 100% reales, sin filtros ni gran angular.

Con propietaris.cat ®, no hay intermediarios, con lo que comprador y vendedor se ahorran directamente miles de euros  y la venta se cierra al mejor precio para ambas partes!

Todos los inmuebles, servicios integrales y financiación hipotecaria 100% en www.propietaris.cat
        ",Entre 30 y 50 años,Reformado,"Superficie construida: 150 m² , Superficie útil: 120 m² , Superficie solar: 1.000 m² , Planta: Sótano, Habitaciones: 4, Baños: 1, Antigüedad: Entre 30 y 50 años, Conservación: Reformado, Referencia: 513853-LUXESPARRAGUERA","Amueblado: , Armarios empotrados: Más de 2, Carpintería exterior: Aluminio, Vidrios dobles: , Tipo suelo: Mármol","Gas: , Teléfono: , Calefacción: Gasoil, Chimenea: , Cocina: , Comedor: , Lavadero: , Garaje: 1, Puerta blindada: , Sistema de seguridad: ",Clasificación: : En trámite,https://www.pisos.com/comprar/casa-esparreguera_centro_urbano-90036078325_513853/
10,Piso en venta en Esparreguera,Esparreguera,127.260 , 4 , 1 ,77 ,3ª,1.652,"PISO REFORMADO DE 4 HABITACIONES- 77 m. Construidos - 4 habitaciones - ( 2 dobles y 2 individuales) - 1 baño con ducha - cocina independiente de 7m. -  lavadero - salón comedor de 21m. con salida al balcón - aire acondicionado con bomba de calor - calefacción a gas natural - suelos de gres - carpintería exterior de aluminio - carpintería interior de haya - es un tercer piso sin ascensor - orientación norte- suministros de agua,luz y gas - esta situado muy cerca del ayuntamiento , cerca de todos los servicios -
        ",Entre 30 y 50 años,En buen estado,"Superficie construida: 77 m² , Superficie útil: 67 m² , Habitaciones: 4, Baños: 1, Planta: 3ª, Exterior: , Antigüedad: Entre 30 y 50 años, Conservación: En buen estado, Gastos de comunidad: 40€ mensuales, Referencia: 2968-05853","Carpintería interior: Haya, Tipo suelo: Gres, Vidrios dobles: , Carpintería exterior: Aluminio","Gas: , Aire acondicionado: Frío y calor, Calefacción: Gas natural, Cocina: Independiente- 7m, Comedor: 21m, Lavadero: , Portero automático: , Puerta blindada: ",Clasificación: : En trámite,https://www.pisos.com/comprar/piso-esparreguera_centro_urbano-2530074526_296800/
11,Piso en venta en Esparreguera,Esparreguera,152.260 , 4 , 1 ,103 ,2ª,1.478,"Precioso piso de 95 m2 compuesto por 4 habitaciones ( 2 dobles y 2 individual), comedor con balcón de 8 m2,  baño con plato de ducha, cocina y lavadero. Calefacción con gas natural. Pasillo con altillo. Carpintería interior de sapely, carpintería exterior de aluminio y puerta blindada. Piso muy soleado ubicado en una zona muy tranquila de Esparreguera, muy cercano del transporte público y de todo tipo de servicios.
        ",,En buen estado,"Superficie construida: 103 m² , Superficie útil: 95 m² , Habitaciones: 4, Baños: 1, Planta: 2ª, Exterior: , Conservación: En buen estado, Referencia: 4519351-000116","Tipo suelo: Terrazo, Carpintería exterior: Aluminio","Teléfono: , Calefacción: Gas natural, Cocina equipada: , Comedor: , Lavadero: , Trastero: , Puerta blindada: , Sistema de seguridad: , Ascensor: ",Clasificación: : En trámite,https://www.pisos.com/comprar/piso-esparreguera_centro_urbano-95878442046_519351/
12,Casa en venta en Esparreguera,Esparreguera,357.000 , 11 , 3 s,300 ,,1.190,"Gran casa de pueblo en venta, a tan solo 50 mts. Del ayuntamiento y en plena calle comercial y peatonal de la localidad. Esta vivienda se encuentra para reformar aunque admite muchas posibilidades:  como reconstrucción de vivienda unifamiliar pudiendo usar los bajos como local comercial o bien como edificación de obra nueva para la creación de varios pisos individuales según normativa. En el caso de que interese la reconstrucción, la vivienda dispone de paredes, vigas y techos en buen estado de conservación. Actualmente tiene 3 plantas con un total de 280 m² útiles y con la siguiente distribución: planta baja con salón-comedor, cocina, 4 habitaciones, 1 baño, salida a patio trasero de aprox. 60 m² y acceso a pequeña planta sotano de 30 m² como bodega. Planta primera con 4 habitaciones grandes, 1 baño y salida a gran terraza de 50 m². Planta segunda como zona abuhardillada con 3 habitaciones dobles. Todos los servicios dados de alta. ++++interesados llamar para visita sin compromiso, muchas posibilidades y en pleno centro de esparreguera++++
        ",Más de 50 años,A reformar,"Superficie construida: 300 m² , Superficie útil: 280 m² , Habitaciones: 11, Superficie solar: 200 m² , Baños: 3, Antigüedad: Más de 50 años, Conservación: A reformar, Referencia: SA449-488620/3134",,"Chimenea: , Trastero: ","Clasificación: : No indicado, Emisiones: : ",https://www.pisos.com/comprar/casa-esparreguera_centro_urbano-71724265423_103000/
13,Piso en venta en Esparreguera,Esparreguera,166.500 , 3 , 2 s,85 ,,1.958,"Últimas viviendas disponibles de producto bancario, pisos de  tres dormitorios, exteriores y soleados.
 Dos baños completos, salón comedor con salida a terrazas, 
 Viviviendas en muy buen estado con excelente ubicación.
 Ascensor y parquing opcional
 A partir de 166.500€!!
        ",,En buen estado,"Superficie construida: 85 m² , Superficie útil: 7.205 m² , Habitaciones: 3, Baños: 2, Conservación: En buen estado, Referencia: SA828-00544/3799",Tipo suelo: Gres,Ascensor: ,"Clasificación: : No indicado, Emisiones: : ",https://www.pisos.com/comprar/piso-esparreguera_centro_urbano-95850549503_100500/
14,Piso en venta en Calle Frances Macia,Esparreguera,177.260 , 3 , 1 ,80 ,1ª,2.215,"Piso muy centrico , cerca de transporte publico y todos los servicios, piso para entrar a vivir , tiene osmosis y descalcificador , cocina americana piso muy amplio
        ",Entre 10 y 20 años,En buen estado,"Superficie construida: 80 m² , Superficie útil: 75 m² , Habitaciones: 3, Baños: 1, Planta: 1ª, Interior: , Exterior: , Antigüedad: Entre 10 y 20 años, Conservación: En buen estado, Referencia: 4519351-000134","Tipo suelo: Gres, Carpintería exterior: Aluminio","Gas: , Teléfono: , Aire acondicionado: Frío y calor, Calefacción: Gas natural, Cocina equipada: , Comedor: , Lavadero: , Trastero: , Portero automático: , Puerta blindada: , Ascensor: ",Clasificación: : En trámite,https://www.pisos.com/comprar/piso-esparreguera_centro_urbano-95025960710_519351/
15,Chalet en venta en Can Rial,Esparreguera,195.000 , 3 , 1 ,121 ,,1.611,"** casa de 12 m² construidos. 88 m² útiles. +
 Garaje de 24 m²** construida sobre parcela de 520 m².
3 habitaciones. 1 baño con bañera. Calefacción gasoil. Ventanas de aluminio. Mosquiteras. Magníficas vistas. Huerto y zona pavimentada. Trastero. Barbacoa. 
        ",Entre 30 y 50 años,En buen estado,"Superficie construida: 121 m² , Habitaciones: 3, Superficie solar: 545 m² , Baños: 1, Antigüedad: Entre 30 y 50 años, Conservación: En buen estado, Referencia: IF76270-002877",Armarios empotrados: ,"Calefacción: Central, Cocina: , Lavadero: , Garaje: , Trastero: ","Clasificación: : Disponible, Emisiones: : 126 Kg CO2/m2 año",https://www.pisos.com/comprar/chalet-esparreguera_centro_urbano-100067745906_101800/
16,"Piso en venta en Carrer del Camí Ral, cerca de Carrer del Doctor Fleming",Esparreguera,165.000 , 3 , 1 ,88 ,,1.875,"Et presentem una llar encantador que reuneix comoditat, proximitat i estades equilibrades, situat a escassos metres de el centre de la població d´Esparreguera. La finca disposa d´ascensor. L´habitatge gaudeix de molta llum natural. Es compon de menjador amb accés a balcó de 8 m2, cuina office amb zona d´aigües, 3 habitacions i 1 bany complet. A més disposa de plaça de pàrquing.
        ",Entre 10 y 20 años,En buen estado,"Superficie construida: 88 m² , Superficie útil: 85 m² , Habitaciones: 3, Baños: 1, Exterior: , Antigüedad: Entre 10 y 20 años, Conservación: En buen estado, Referencia: 501243-002245","Vidrios dobles: , Carpintería exterior: Aluminio","Gas: , Aire acondicionado: Frío y calor, Calefacción: Eléctrica, Cocina: , Comedor: , Lavadero: , Portero automático: , Puerta blindada: , Ascensor: ","Clasificación: : Disponible, Emisiones: : 36 Kg CO2/m2 año",https://www.pisos.com/comprar/piso-esparreguera_centro_urbano-1698625027_501243/
17,"Casa en venta en Calle Centro, nº 1",Esparreguera,299.000 ,, 3 s,150 ,,1.993,"Casas de 150m² 

En zona tranquila de la plana

Apareada 



Muy soleada con vistas a montserrat

4 dormitorios (2 dobles y 2 individuales) antes eran 5 dormitorios

2 baños con ducha (reformados) y 1 aseo



Cocina con salida a patio interior donde tenemos un lavadero con despensa y terraza para tender

Patio amplio con barbacoa

Solarium en planta superior 

Garaje para un coche con posibilidad de dejar un segundo coche dentro de la parcela (zona de fácil aparcamiento)

Calefacción a gas con radiadores

Aire acondicionado en 2 habitaciones

Planta superior abuhardillada 

Opciones: alquiler con opción a compra

Este documento tiene una finalidad meramente informativa, y no reviste carácter contractual, si bien los datos que se  facilitan se dan de buena fe y se consideran correctos, salvo error u omisión.

Estos datos pueden sufrir variaciones debido a cambios ajenos a la empresa.

                       (impuestos no incluidos en los precios.).
        ",,,"Superficie construida: 150 m² , Superficie útil: 150 m² , Baños: 3, Referencia: YE31-3-ES-C-5312-19",,,Clasificación: : En trámite,https://www.pisos.com/comprar/casa-esparreguera_centro_urbano-100091005351_109200/
18,"Piso en venta en Calle Centro, nº 1",Esparreguera,119.000 ,, 1 ,108 ,,1.101,"Piso de 108m²

Con 3 habitaciones (2 dobles + 1 individual)

Balcón cerrado con vidriera y vistas a montaña

Patio comunitario en la parte superior del edificio

1 baño con bañera

1 aseo 

Calefacción gas natural con radiadores

Comunidad con pocos vecinos

Trastero de unos 5m²

Muebles y electrodomésticos negociables

Este documento tiene una finalidad meramente informativa, y no reviste carácter contractual, si bien los datos que se  facilitan se dan de buena fe y se consideran correctos, salvo error u omisión.

Estos datos pueden sufrir variaciones debido a cambios ajenos a la empresa.

                      (i. V. A. No incluido en los precios.).
        ",,,"Superficie construida: 108 m² , Superficie útil: 108 m² , Baños: 1, Referencia: YE31-3-ES-P-5395-19",,,Clasificación: : En trámite,https://www.pisos.com/comprar/piso-esparreguera_centro_urbano-100044465789_109200/
19,"Casa en venta en Carrer de l'Hospital, nº 1",Esparreguera,236.900 ,, 1 ,163 ,,1.453,"Planta baja de 163m² aproximadamente

Vivienda 123m² totalmente reformada + pl. Garaje 40m²

Patio de 90m² con barbacoa y zona ajardinadacomedor de unos 40m² con chimenea 

Entrada a vivienda sin escaleras

2 habitaciones con armarios empotrados y sala grande 

Garaje con capacidad para dos coches y trastero 

Muy soledad 

Entrada por dos calles

Posibilidad de dividir en dos parcelas y construir una edificación de pb + 2 alturas

Muy bien ubicada en el centro del pueblo 

Cerca de transporte público, colegios, comercios...

Este documento tiene una finalidad meramente informativa, y no reviste carácter contractual, si bien los datos que se  facilitan se dan de buena fe y se consideran correctos, salvo error u omisión.

Estos datos pueden sufrir variaciones debido a cambios ajenos a la empresa.

                       (impuestos no incluidos en los precios.).
        ",,,"Superficie construida: 163 m² , Superficie útil: 163 m² , Baños: 1, Referencia: YE31-3-ES-C-4656-15",,"Calefacción: , Lavadero: , Garaje: , Trastero: ",Clasificación: : En trámite,https://www.pisos.com/comprar/casa-esparreguera_centro_urbano-100039895136_109200/
20,"Casa adosada en venta en Calle Centro, nº 1",Esparreguera,255.000 ,, 2 s,150 ,,1.700,"Casa adosada 150m2superficie de vivienda 137m2 + 13m2 terrazas + patio delantero 40m2 + patio posterior 20m2comedor con chimenea gran terraza con salida desde comedorpatio delantero y posteriorsalida al balcón en habitación y cocina3 habitaciones (2 dobles + 1 individual)garaje para un cochepatio delantero donde poder aparcar un segundo cochecalefacción a gas con radiadorescaldera nueva del 2018 (6 años de garantía)aire acondicionado el comedor y habitación de matrimonio1 baño con bañera1 aseotoldos en todas las terrazasmosquiterasiluminación con intensidad de luz en pared comedoren zona residencial cerca del centro de esparreguera, para disfrutar de la tranquilidad de una urbanización con todos los servicios a pocos metros.este documento tiene una finalidad meramente informativa, y no reviste carácter contractual, si bien los datos que se  facilitan se dan de buena fe y se consideran correctos, salvo error u omisión.estos datos pueden sufrir variaciones debido a cambios ajenos a la empresa.                       (impuestos no incluidos en los precios.).
        ",,,"Superficie construida: 150 m² , Superficie útil: 150 m² , Baños: 2, Tipo de casa: Adosada, Referencia: YE31-3-ES-C-5401-19",,"Gas: , Aire acondicionado: , Calefacción: , Chimenea: , Garaje: ",Clasificación: : En trámite,https://www.pisos.com/comprar/casa_adosada-esparreguera_centro_urbano-100002307866_109200/
21,"Casa en venta en Calle Centro, nº 1",Esparreguera,227.260 ,, 3 s,135 ,,1.683,"Casa en el centro del pueblo rehabilitada hace 5 años casa reformada pendiente de terminarsuperficie de aproximadamente 135m2planta baja ............. 45m2 (40m2 local/parquing + 5m2 recibidor + cuarto para aseo)planta primera......... 45m2  (comedor + cocina + habitación + baño)planta segunda........ 45m2 (2 habitaciones + baño + solárium de 8m2)en el centro del pueblo cerca de colegios, bancos, ayuntamiento, mercado...casa con la posibilidad de tener vivienda y local comercial en la planta baja, en la zona más comercial y transitada peatonalmente de esparreguera.los importes de alquiler y venta son meramente informativos y pueden ser susceptibles de cambiar según indicaciones de la propiedad..
        ",,,"Superficie construida: 135 m² , Superficie útil: 135 m² , Baños: 3, Referencia: YE31-3-ES-C-5040-17",,,Clasificación: : En trámite,https://www.pisos.com/comprar/casa-esparreguera_centro_urbano-100060754020_109200/
22,Chalet en venta en Esparreguera - Can Vinyals,Esparreguera,147.000 , 3 , 1 ,112 ,,1.312,"Casa a 4 vientos para terminar a su gusto distruida en según los planos en :Planta Baja: Garaje de 45,80m2.Primera Planta: Comedor de 36m2, cocina de 11m2 con lavadero, 2 habitaciones ( 9,90m2 y 14m2) , baño con plato de ducha y posibilidad de hacer otro baño en suite.Techo de doble altura con altillo para hacer una habitación doble más sala de estar.Situada en una Parcela de 1500m2 la urbanización se encuentra a pocos minutos del pueblo de Olesa y Esparraguera.
        ",Entre 10 y 20 años,A reformar,"Superficie construida: 112 m² , Habitaciones: 3, Superficie solar: 1.500 m² , Baños: 1, Antigüedad: Entre 10 y 20 años, Conservación: A reformar, Referencia: IF76138-217-2019",,"Lavadero: , Garaje: , Trastero: ","Clasificación: : En trámite, Emisiones: : ",https://www.pisos.com/comprar/chalet-esparreguera_centro_urbano-100044855372_101800/
23,"Casa adosada en venta en Calle Centro, nº 1",Esparreguera,278.100 ,, 2 s,102 ,,2.726,"Casa adosada de 102m2con 5 habitaciones, 4 en la 2ª planta y buhardilla habilitada con chimenea1 aseo y 1 baño reformado con duchacocina, baños,... reformado calefacción a gasterraza a la salida del comedor y solárium en planta buhardillabuhardilla con chimenea casa con local en pl. baja independiente a la casa      Pl. primera: comedor + cocina + aseo + terraza     Pl. segunda: 4 habitaciones + 1 baño     Pl. buhardilla: habitación habilitada para dormitorio, sala de estudios,... con chimenea y soláriumEste documento tiene una finalidad meramente informativa, y no reviste carácter contractual, si bien los datos que se  facilitan se dan de buena fe y se consideran correctos, salvo error u omisión.Estos datos pueden sufrir variaciones debido a cambios ajenos a la empresa.                       (Impuestos no incluidos en los precios.).
        ",,,"Superficie construida: 102 m² , Superficie útil: 102 m² , Baños: 2, Tipo de casa: Adosada, Referencia: YE31-3-ES-C-5410-20",,,Clasificación: : En trámite,https://www.pisos.com/comprar/casa_adosada-esparreguera_centro_urbano-882543820_109200/
24,"Casa en venta en Esparreguera, Zona de - Esparreguera",Esparreguera,200.000 , 4 , 1 ,120 ,,1.666,"Urb. Mas d'en gall - parcela 600 m². - vivienda 80 m². + 30 m². Garaje. . 4 locales comerciales. Salón comedor 22 m² con salida a porche, 4 habitaciones (3 dobles), cocina office, baño nuevo con plato de ducha, garaje 1 coche, zona barbacoa, 2 terrazas de 50 m². (ideal para poner piscina). Calefacción gas, carpintería interior roble, exterior aluminio climalit.  Por el precio de una casa / casa y negocio.
        ",,En buen estado,"Superficie construida: 120 m² , Habitaciones: 4, Superficie solar: 600 m² , Baños: 1, Conservación: En buen estado, Referencia: IF76135-6732 IDEAL - CASA Y LOCALES COMERCIALES",Tipo suelo: Gres,"Aire acondicionado: Frío, Calefacción: Gas natural, Cocina equipada: , Garaje: 1, Puerta blindada: , Trastero: ",Clasificación: : En trámite,https://www.pisos.com/comprar/casa-esparreguera_centro_urbano-95013243918_100500/
25,Piso en venta en Calle  Olesa de Montserrat,Esparreguera,171.000 , 4 , 2 s,111 ,2ª,1.540,"111 M2. Construidos - Utiles 95 m2. + Trastero, FINCA 1981Salón comedor 22 m2. con chimenea y  salida a balcónCocina office reformada de muebles(solo)4 Habitaciones (3 dobles),Baño reformado, Trastero, Calefacción eléctrica y bomba de calor, Suelo terrazo, Carpintería interior sapelly, exterior aluminio mixto de 1 y 2 cristales.
",Entre 20 y 30 años,En buen estado,"Superficie construida: 111 m² , Superficie útil: 95 m² , Habitaciones: 4, Baños: 2, Planta: 2ª, Exterior: , Antigüedad: Entre 20 y 30 años, Conservación: En buen estado, Referencia: 4519327-7009","Tipo suelo: Terrazo, Vidrios dobles: , Carpintería exterior: Aluminio","Calefacción: Eléctrica, Chimenea: , Cocina equipada: , Comedor: , Lavadero: , Trastero: , Portero automático: , Puerta blindada: , Ascensor: ","Clasificación: : Disponible, Emisiones: : 96 Kg CO2/m2 año",https://www.pisos.com/comprar/piso-esparreguera_centro_urbano-2573685167_519327/
26,Casa en venta en Calle Urb. Can Rial,Esparreguera,195.000 , 3 , 1 ,90 ,Bajo,2.166,"Superficie total 90 m², superficie solar 690 m², superficie útil 90 m², hab. individuales: 1, habitaciones dobles: 2, 1 baño, aire acondicionado (frío y calor), calefacción (eléctrica), cocina, comedor, estado conservación: buen estado, garaje.
        ",,En buen estado,"Superficie construida: 90 m² , Superficie útil: 90 m² , Superficie solar: 690 m² , Planta: Bajo, Habitaciones: 3, Baños: 1, Conservación: En buen estado, Referencia: 4519327-006983",Vidrios dobles: ,"Aire acondicionado: Frío y calor, Calefacción: Eléctrica, Cocina equipada: , Comedor: , Lavadero: , Garaje: 1",Clasificación: : En trámite,https://www.pisos.com/comprar/casa-esparreguera_centro_urbano-100087582683_519327/
27,"Piso en venta en Esparreguera, Zona de - Esparreguera",Esparreguera,150.000 , 4 , 1 ,120 ,,1.250,"120 m2. vivienda, Salón comedor de 25 m2., Cocina office con salida a galeria grande, 4 Habitaciones (3 dobles),l Baño con bañera, Carpintería interior roble, exterior aluminio climalit, Suelo gres, Calefacción gas, 2º piso sin ascensor. Posibilidad de alquiler con acción de compra)
        ",,En buen estado,"Superficie construida: 120 m² , Habitaciones: 4, Baños: 1, Conservación: En buen estado, Referencia: IF76135-6705 PISO EN VENTA",Tipo suelo: Gres,"Calefacción: Gas natural, Cocina equipada: ",Clasificación: : En trámite,https://www.pisos.com/comprar/piso-esparreguera_centro_urbano-95026206683_100500/
28,Casa en venta en Calle Esparreguera,Esparreguera,235.000 , 3 , 1 ,115 ,,2.043,"Vivienda de 115 m². - en una sola planta / adosada.
Salón comedor 60 m². Con chimenea, cocina equipada, baño con 
Plato de ducha reformado. 3 habitaciones (1 doble, 1 individual, con salida a patio de luces, 1 habitacion distribuidor muy grande, garaje para tres coches, cuarto trastero en el mismo de 15 m²., terraza 50 m². Encima del garaje, trastero debajo de la vivienda, patio-jardin de 100 m²., carpinteria interior sapelly, exterior aluminio climalit, barbacoa, suelo de gres, calefacción gas, antigüedad 40 años. Casa c on salida a dos calles.


",Entre 30 y 50 años,En buen estado,"Superficie construida: 115 m² , Superficie útil: 115 m² , Superficie solar: 215 m² , Habitaciones: 3, Baños: 1, Antigüedad: Entre 30 y 50 años, Conservación: En buen estado, Referencia: 4519327-6965","Carpintería exterior: Aluminio, Vidrios dobles: , Tipo suelo: Gres","Gas: , Calefacción: Gas natural, Chimenea: , Cocina equipada: , Comedor: , Lavadero: , Garaje: Más de 2, Puerta blindada: ","Clasificación: : Disponible, Emisiones: : 45 Kg CO2/m2 año",https://www.pisos.com/comprar/casa-esparreguera_centro_urbano-99256914900_519327/
29,Casa en venta en Residencial,Esparreguera,320.000 , 5 , 2 s,,,,"Se vende ESPECTACULAR casa en la urb. Can Rial, Esparreguera, en parcela de 575 m2 y 231 m2 construidos. En planta baja se encuentra garaje de 125 m2 un cuarto de baño completo y zona abierta de barbacoa. En la primera planta. gran salón comedor de 45 m2, cocina office, 4 habitaciones grandes una de ellas es suite, 2 baños completos y bonito jardín con piscina con unas espectaculares vistas a la montaña de Montserrat. La casa consta de una buhardilla de 75 m2, sala diáfana para destinarla al uso que más convenga. Todas las estancias son exteriores y con mucha luz. Lugar único y tranquilo a 20 min en coche de Barcelona..
        ",,,"Superficie útil: 569 m² , Habitaciones: 5, Superficie solar: 569 m² , Baños: 2, Referencia: EP505-3045",,"Aire acondicionado: , Calefacción: , Cocina: , Comedor: , Garaje: ","Clasificación: : Disponible, Emisiones: : 53 Kg CO2/m2 año",https://www.pisos.com/comprar/casa-esparreguera_centro_urbano-2589461347_109300/
